trace,algoritmo,frames,bits,intervalo,acessos,falhas,taxa_falhas
bigone.trace.txt,OPT,8,,,4000000,424381,0.106095
bigone.trace.txt,LRU,8,,,4000000,663748,0.165937
bigone.trace.txt,LRU aproximado,8,2,10,4000000,682042,0.170511
bigone.trace.txt,LRU aproximado,8,2,100,4000000,674496,0.168624
bigone.trace.txt,LRU aproximado,8,2,1000,4000000,734836,0.183709
bigone.trace.txt,LRU aproximado,8,2,10000,4000000,778763,0.194691
bigone.trace.txt,LRU aproximado,8,4,10,4000000,662551,0.165638
bigone.trace.txt,LRU aproximado,8,4,100,4000000,672151,0.168038
bigone.trace.txt,LRU aproximado,8,4,1000,4000000,733391,0.183348
bigone.trace.txt,LRU aproximado,8,4,10000,4000000,778219,0.194555
bigone.trace.txt,LRU aproximado,8,8,10,4000000,655342,0.163835
bigone.trace.txt,LRU aproximado,8,8,100,4000000,669865,0.167466
bigone.trace.txt,LRU aproximado,8,8,1000,4000000,733147,0.183287
bigone.trace.txt,LRU aproximado,8,8,10000,4000000,777924,0.194481
bigone.trace.txt,LRU aproximado,8,16,10,4000000,653190,0.163298
bigone.trace.txt,LRU aproximado,8,16,100,4000000,669834,0.167459
bigone.trace.txt,LRU aproximado,8,16,1000,4000000,733162,0.183290
bigone.trace.txt,LRU aproximado,8,16,10000,4000000,777924,0.194481
bigone.trace.txt,LRU aproximado,8,32,10,4000000,653179,0.163295
bigone.trace.txt,LRU aproximado,8,32,100,4000000,669711,0.167428
bigone.trace.txt,LRU aproximado,8,32,1000,4000000,733151,0.183288
bigone.trace.txt,LRU aproximado,8,32,10000,4000000,777924,0.194481
bigone.trace.txt,OPT,32,,,4000000,127910,0.031977
bigone.trace.txt,LRU,32,,,4000000,202533,0.050633
bigone.trace.txt,LRU aproximado,32,2,10,4000000,257058,0.064265
bigone.trace.txt,LRU aproximado,32,2,100,4000000,210739,0.052685
bigone.trace.txt,LRU aproximado,32,2,1000,4000000,219486,0.054871
bigone.trace.txt,LRU aproximado,32,2,10000,4000000,244086,0.061021
bigone.trace.txt,LRU aproximado,32,4,10,4000000,249752,0.062438
bigone.trace.txt,LRU aproximado,32,4,100,4000000,202395,0.050599
bigone.trace.txt,LRU aproximado,32,4,1000,4000000,218702,0.054676
bigone.trace.txt,LRU aproximado,32,4,10000,4000000,243383,0.060846
bigone.trace.txt,LRU aproximado,32,8,10,4000000,231077,0.057769
bigone.trace.txt,LRU aproximado,32,8,100,4000000,200219,0.050055
bigone.trace.txt,LRU aproximado,32,8,1000,4000000,218631,0.054658
bigone.trace.txt,LRU aproximado,32,8,10000,4000000,242985,0.060746
bigone.trace.txt,LRU aproximado,32,16,10,4000000,214405,0.053601
bigone.trace.txt,LRU aproximado,32,16,100,4000000,200014,0.050003
bigone.trace.txt,LRU aproximado,32,16,1000,4000000,218463,0.054616
bigone.trace.txt,LRU aproximado,32,16,10000,4000000,243005,0.060751
bigone.trace.txt,LRU aproximado,32,32,10,4000000,204676,0.051169
bigone.trace.txt,LRU aproximado,32,32,100,4000000,199994,0.049999
bigone.trace.txt,LRU aproximado,32,32,1000,4000000,218419,0.054605
bigone.trace.txt,LRU aproximado,32,32,10000,4000000,243005,0.060751
bigone.trace.txt,OPT,128,,,4000000,43058,0.010764
bigone.trace.txt,LRU,128,,,4000000,75925,0.018981
bigone.trace.txt,LRU aproximado,128,2,10,4000000,94401,0.023600
bigone.trace.txt,LRU aproximado,128,2,100,4000000,92605,0.023151
bigone.trace.txt,LRU aproximado,128,2,1000,4000000,79642,0.019911
bigone.trace.txt,LRU aproximado,128,2,10000,4000000,78196,0.019549
bigone.trace.txt,LRU aproximado,128,4,10,4000000,94267,0.023567
bigone.trace.txt,LRU aproximado,128,4,100,4000000,90650,0.022662
bigone.trace.txt,LRU aproximado,128,4,1000,4000000,75609,0.018902
bigone.trace.txt,LRU aproximado,128,4,10000,4000000,77376,0.019344
bigone.trace.txt,LRU aproximado,128,8,10,4000000,93880,0.023470
bigone.trace.txt,LRU aproximado,128,8,100,4000000,87319,0.021830
bigone.trace.txt,LRU aproximado,128,8,1000,4000000,74551,0.018638
bigone.trace.txt,LRU aproximado,128,8,10000,4000000,77177,0.019294
bigone.trace.txt,LRU aproximado,128,16,10,4000000,93245,0.023311
bigone.trace.txt,LRU aproximado,128,16,100,4000000,81170,0.020293
bigone.trace.txt,LRU aproximado,128,16,1000,4000000,74210,0.018552
bigone.trace.txt,LRU aproximado,128,16,10000,4000000,77174,0.019294
bigone.trace.txt,LRU aproximado,128,32,10,4000000,91675,0.022919
bigone.trace.txt,LRU aproximado,128,32,100,4000000,77118,0.019280
bigone.trace.txt,LRU aproximado,128,32,1000,4000000,74098,0.018524
bigone.trace.txt,LRU aproximado,128,32,10000,4000000,77174,0.019294
bzip.trace.txt,OPT,8,,,1000000,18251,0.018251
bzip.trace.txt,LRU,8,,,1000000,30691,0.030691
bzip.trace.txt,LRU aproximado,8,2,10,1000000,42448,0.042448
bzip.trace.txt,LRU aproximado,8,2,100,1000000,32261,0.032261
bzip.trace.txt,LRU aproximado,8,2,1000,1000000,33217,0.033217
bzip.trace.txt,LRU aproximado,8,2,10000,1000000,34644,0.034644
bzip.trace.txt,LRU aproximado,8,4,10,1000000,38114,0.038114
bzip.trace.txt,LRU aproximado,8,4,100,1000000,31347,0.031347
bzip.trace.txt,LRU aproximado,8,4,1000,1000000,31923,0.031923
bzip.trace.txt,LRU aproximado,8,4,10000,1000000,34510,0.034510
bzip.trace.txt,LRU aproximado,8,8,10,1000000,32704,0.032704
bzip.trace.txt,LRU aproximado,8,8,100,1000000,29205,0.029205
bzip.trace.txt,LRU aproximado,8,8,1000,1000000,31766,0.031766
bzip.trace.txt,LRU aproximado,8,8,10000,1000000,34215,0.034215
bzip.trace.txt,LRU aproximado,8,16,10,1000000,30689,0.030689
bzip.trace.txt,LRU aproximado,8,16,100,1000000,29180,0.029180
bzip.trace.txt,LRU aproximado,8,16,1000,1000000,31781,0.031781
bzip.trace.txt,LRU aproximado,8,16,10000,1000000,34215,0.034215
bzip.trace.txt,LRU aproximado,8,32,10,1000000,30679,0.030679
bzip.trace.txt,LRU aproximado,8,32,100,1000000,29057,0.029057
bzip.trace.txt,LRU aproximado,8,32,1000,1000000,31770,0.031770
bzip.trace.txt,LRU aproximado,8,32,10000,1000000,34215,0.034215
bzip.trace.txt,OPT,32,,,1000000,1330,0.001330
bzip.trace.txt,LRU,32,,,1000000,2133,0.002133
bzip.trace.txt,LRU aproximado,32,2,10,1000000,2515,0.002515
bzip.trace.txt,LRU aproximado,32,2,100,1000000,2403,0.002403
bzip.trace.txt,LRU aproximado,32,2,1000,1000000,2196,0.002196
bzip.trace.txt,LRU aproximado,32,2,10000,1000000,2425,0.002425
bzip.trace.txt,LRU aproximado,32,4,10,1000000,2510,0.002510
bzip.trace.txt,LRU aproximado,32,4,100,1000000,2359,0.002359
bzip.trace.txt,LRU aproximado,32,4,1000,1000000,2197,0.002197
bzip.trace.txt,LRU aproximado,32,4,10000,1000000,2436,0.002436
bzip.trace.txt,LRU aproximado,32,8,10,1000000,2454,0.002454
bzip.trace.txt,LRU aproximado,32,8,100,1000000,2257,0.002257
bzip.trace.txt,LRU aproximado,32,8,1000,1000000,2194,0.002194
bzip.trace.txt,LRU aproximado,32,8,10000,1000000,2409,0.002409
bzip.trace.txt,LRU aproximado,32,16,10,1000000,2298,0.002298
bzip.trace.txt,LRU aproximado,32,16,100,1000000,2174,0.002174
bzip.trace.txt,LRU aproximado,32,16,1000,1000000,2179,0.002179
bzip.trace.txt,LRU aproximado,32,16,10000,1000000,2409,0.002409
bzip.trace.txt,LRU aproximado,32,32,10,1000000,2326,0.002326
bzip.trace.txt,LRU aproximado,32,32,100,1000000,2156,0.002156
bzip.trace.txt,LRU aproximado,32,32,1000,1000000,2166,0.002166
bzip.trace.txt,LRU aproximado,32,32,10000,1000000,2409,0.002409
bzip.trace.txt,OPT,128,,,1000000,497,0.000497
bzip.trace.txt,LRU,128,,,1000000,771,0.000771
bzip.trace.txt,LRU aproximado,128,2,10,1000000,890,0.000890
bzip.trace.txt,LRU aproximado,128,2,100,1000000,884,0.000884
bzip.trace.txt,LRU aproximado,128,2,1000,1000000,863,0.000863
bzip.trace.txt,LRU aproximado,128,2,10000,1000000,848,0.000848
bzip.trace.txt,LRU aproximado,128,4,10,1000000,889,0.000889
bzip.trace.txt,LRU aproximado,128,4,100,1000000,882,0.000882
bzip.trace.txt,LRU aproximado,128,4,1000,1000000,858,0.000858
bzip.trace.txt,LRU aproximado,128,4,10000,1000000,827,0.000827
bzip.trace.txt,LRU aproximado,128,8,10,1000000,888,0.000888
bzip.trace.txt,LRU aproximado,128,8,100,1000000,884,0.000884
bzip.trace.txt,LRU aproximado,128,8,1000,1000000,844,0.000844
bzip.trace.txt,LRU aproximado,128,8,10000,1000000,789,0.000789
bzip.trace.txt,LRU aproximado,128,16,10,1000000,885,0.000885
bzip.trace.txt,LRU aproximado,128,16,100,1000000,873,0.000873
bzip.trace.txt,LRU aproximado,128,16,1000,1000000,839,0.000839
bzip.trace.txt,LRU aproximado,128,16,10000,1000000,789,0.000789
bzip.trace.txt,LRU aproximado,128,32,10,1000000,883,0.000883
bzip.trace.txt,LRU aproximado,128,32,100,1000000,859,0.000859
bzip.trace.txt,LRU aproximado,128,32,1000,1000000,820,0.000820
bzip.trace.txt,LRU aproximado,128,32,10000,1000000,789,0.000789
gcc.trace.txt,OPT,8,,,1000000,118480,0.118480
gcc.trace.txt,LRU,8,,,1000000,171186,0.171186
gcc.trace.txt,LRU aproximado,8,2,10,1000000,174191,0.174191
gcc.trace.txt,LRU aproximado,8,2,100,1000000,184419,0.184419
gcc.trace.txt,LRU aproximado,8,2,1000,1000000,215679,0.215679
gcc.trace.txt,LRU aproximado,8,2,10000,1000000,223593,0.223593
gcc.trace.txt,LRU aproximado,8,4,10,1000000,169750,0.169750
gcc.trace.txt,LRU aproximado,8,4,100,1000000,183573,0.183573
gcc.trace.txt,LRU aproximado,8,4,1000,1000000,215315,0.215315
gcc.trace.txt,LRU aproximado,8,4,10000,1000000,223408,0.223408
gcc.trace.txt,LRU aproximado,8,8,10,1000000,168905,0.168905
gcc.trace.txt,LRU aproximado,8,8,100,1000000,183514,0.183514
gcc.trace.txt,LRU aproximado,8,8,1000,1000000,215242,0.215242
gcc.trace.txt,LRU aproximado,8,8,10000,1000000,223408,0.223408
gcc.trace.txt,LRU aproximado,8,16,10,1000000,168807,0.168807
gcc.trace.txt,LRU aproximado,8,16,100,1000000,183513,0.183513
gcc.trace.txt,LRU aproximado,8,16,1000,1000000,215242,0.215242
gcc.trace.txt,LRU aproximado,8,16,10000,1000000,223408,0.223408
gcc.trace.txt,LRU aproximado,8,32,10,1000000,168806,0.168806
gcc.trace.txt,LRU aproximado,8,32,100,1000000,183513,0.183513
gcc.trace.txt,LRU aproximado,8,32,1000,1000000,215242,0.215242
gcc.trace.txt,LRU aproximado,8,32,10000,1000000,223408,0.223408
gcc.trace.txt,OPT,32,,,1000000,55802,0.055802
gcc.trace.txt,LRU,32,,,1000000,84401,0.084401
gcc.trace.txt,LRU aproximado,32,2,10,1000000,95447,0.095447
gcc.trace.txt,LRU aproximado,32,2,100,1000000,86591,0.086591
gcc.trace.txt,LRU aproximado,32,2,1000,1000000,90696,0.090696
gcc.trace.txt,LRU aproximado,32,2,10000,1000000,95586,0.095586
gcc.trace.txt,LRU aproximado,32,4,10,1000000,93892,0.093892
gcc.trace.txt,LRU aproximado,32,4,100,1000000,84498,0.084498
gcc.trace.txt,LRU aproximado,32,4,1000,1000000,90425,0.090425
gcc.trace.txt,LRU aproximado,32,4,10000,1000000,95403,0.095403
gcc.trace.txt,LRU aproximado,32,8,10,1000000,91514,0.091514
gcc.trace.txt,LRU aproximado,32,8,100,1000000,83924,0.083924
gcc.trace.txt,LRU aproximado,32,8,1000,1000000,90390,0.090390
gcc.trace.txt,LRU aproximado,32,8,10000,1000000,95403,0.095403
gcc.trace.txt,LRU aproximado,32,16,10,1000000,87496,0.087496
gcc.trace.txt,LRU aproximado,32,16,100,1000000,83902,0.083902
gcc.trace.txt,LRU aproximado,32,16,1000,1000000,90388,0.090388
gcc.trace.txt,LRU aproximado,32,16,10000,1000000,95403,0.095403
gcc.trace.txt,LRU aproximado,32,32,10,1000000,84827,0.084827
gcc.trace.txt,LRU aproximado,32,32,100,1000000,83901,0.083901
gcc.trace.txt,LRU aproximado,32,32,1000,1000000,90388,0.090388
gcc.trace.txt,LRU aproximado,32,32,10000,1000000,95403,0.095403
gcc.trace.txt,OPT,128,,,1000000,24391,0.024391
gcc.trace.txt,LRU,128,,,1000000,40821,0.040821
gcc.trace.txt,LRU aproximado,128,2,10,1000000,48429,0.048429
gcc.trace.txt,LRU aproximado,128,2,100,1000000,47500,0.047500
gcc.trace.txt,LRU aproximado,128,2,1000,1000000,42211,0.042211
gcc.trace.txt,LRU aproximado,128,2,10000,1000000,41992,0.041992
gcc.trace.txt,LRU aproximado,128,4,10,1000000,48355,0.048355
gcc.trace.txt,LRU aproximado,128,4,100,1000000,46598,0.046598
gcc.trace.txt,LRU aproximado,128,4,1000,1000000,40102,0.040102
gcc.trace.txt,LRU aproximado,128,4,10000,1000000,41662,0.041662
gcc.trace.txt,LRU aproximado,128,8,10,1000000,48229,0.048229
gcc.trace.txt,LRU aproximado,128,8,100,1000000,45241,0.045241
gcc.trace.txt,LRU aproximado,128,8,1000,1000000,39869,0.039869
gcc.trace.txt,LRU aproximado,128,8,10000,1000000,41607,0.041607
gcc.trace.txt,LRU aproximado,128,16,10,1000000,47892,0.047892
gcc.trace.txt,LRU aproximado,128,16,100,1000000,42387,0.042387
gcc.trace.txt,LRU aproximado,128,16,1000,1000000,39869,0.039869
gcc.trace.txt,LRU aproximado,128,16,10000,1000000,41607,0.041607
gcc.trace.txt,LRU aproximado,128,32,10,1000000,47069,0.047069
gcc.trace.txt,LRU aproximado,128,32,100,1000000,40793,0.040793
gcc.trace.txt,LRU aproximado,128,32,1000,1000000,39869,0.039869
gcc.trace.txt,LRU aproximado,128,32,10000,1000000,41607,0.041607
sixpack.trace.txt,OPT,8,,,1000000,116407,0.116407
sixpack.trace.txt,LRU,8,,,1000000,176496,0.176496
sixpack.trace.txt,LRU aproximado,8,2,10,1000000,178465,0.178465
sixpack.trace.txt,LRU aproximado,8,2,100,1000000,179407,0.179407
sixpack.trace.txt,LRU aproximado,8,2,1000,1000000,199745,0.199745
sixpack.trace.txt,LRU aproximado,8,2,10000,1000000,218402,0.218402
sixpack.trace.txt,LRU aproximado,8,4,10,1000000,174194,0.174194
sixpack.trace.txt,LRU aproximado,8,4,100,1000000,178836,0.178836
sixpack.trace.txt,LRU aproximado,8,4,1000,1000000,199842,0.199842
sixpack.trace.txt,LRU aproximado,8,4,10000,1000000,218177,0.218177
sixpack.trace.txt,LRU aproximado,8,8,10,1000000,173077,0.173077
sixpack.trace.txt,LRU aproximado,8,8,100,1000000,178770,0.178770
sixpack.trace.txt,LRU aproximado,8,8,1000,1000000,199842,0.199842
sixpack.trace.txt,LRU aproximado,8,8,10000,1000000,218177,0.218177
sixpack.trace.txt,LRU aproximado,8,16,10,1000000,173048,0.173048
sixpack.trace.txt,LRU aproximado,8,16,100,1000000,178765,0.178765
sixpack.trace.txt,LRU aproximado,8,16,1000,1000000,199842,0.199842
sixpack.trace.txt,LRU aproximado,8,16,10000,1000000,218177,0.218177
sixpack.trace.txt,LRU aproximado,8,32,10,1000000,173048,0.173048
sixpack.trace.txt,LRU aproximado,8,32,100,1000000,178765,0.178765
sixpack.trace.txt,LRU aproximado,8,32,1000,1000000,199842,0.199842
sixpack.trace.txt,LRU aproximado,8,32,10000,1000000,218177,0.218177
sixpack.trace.txt,OPT,32,,,1000000,41955,0.041955
sixpack.trace.txt,LRU,32,,,1000000,67747,0.067747
sixpack.trace.txt,LRU aproximado,32,2,10,1000000,80463,0.080463
sixpack.trace.txt,LRU aproximado,32,2,100,1000000,71062,0.071062
sixpack.trace.txt,LRU aproximado,32,2,1000,1000000,71389,0.071389
sixpack.trace.txt,LRU aproximado,32,2,10000,1000000,77229,0.077229
sixpack.trace.txt,LRU aproximado,32,4,10,1000000,78964,0.078964
sixpack.trace.txt,LRU aproximado,32,4,100,1000000,67734,0.067734
sixpack.trace.txt,LRU aproximado,32,4,1000,1000000,71058,0.071058
sixpack.trace.txt,LRU aproximado,32,4,10000,1000000,76938,0.076938
sixpack.trace.txt,LRU aproximado,32,8,10,1000000,76441,0.076441
sixpack.trace.txt,LRU aproximado,32,8,100,1000000,66826,0.066826
sixpack.trace.txt,LRU aproximado,32,8,1000,1000000,71037,0.071037
sixpack.trace.txt,LRU aproximado,32,8,10000,1000000,76904,0.076904
sixpack.trace.txt,LRU aproximado,32,16,10,1000000,72223,0.072223
sixpack.trace.txt,LRU aproximado,32,16,100,1000000,66744,0.066744
sixpack.trace.txt,LRU aproximado,32,16,1000,1000000,70996,0.070996
sixpack.trace.txt,LRU aproximado,32,16,10000,1000000,76904,0.076904
sixpack.trace.txt,LRU aproximado,32,32,10,1000000,69162,0.069162
sixpack.trace.txt,LRU aproximado,32,32,100,1000000,66744,0.066744
sixpack.trace.txt,LRU aproximado,32,32,1000,1000000,70996,0.070996
sixpack.trace.txt,LRU aproximado,32,32,10000,1000000,76904,0.076904
sixpack.trace.txt,OPT,128,,,1000000,11690,0.011690
sixpack.trace.txt,LRU,128,,,1000000,21090,0.021090
sixpack.trace.txt,LRU aproximado,128,2,10,1000000,27589,0.027589
sixpack.trace.txt,LRU aproximado,128,2,100,1000000,27205,0.027205
sixpack.trace.txt,LRU aproximado,128,2,1000,1000000,22177,0.022177
sixpack.trace.txt,LRU aproximado,128,2,10000,1000000,22151,0.022151
sixpack.trace.txt,LRU aproximado,128,4,10,1000000,27577,0.027577
sixpack.trace.txt,LRU aproximado,128,4,100,1000000,26445,0.026445
sixpack.trace.txt,LRU aproximado,128,4,1000,1000000,21001,0.021001
sixpack.trace.txt,LRU aproximado,128,4,10000,1000000,21738,0.021738
sixpack.trace.txt,LRU aproximado,128,8,10,1000000,27471,0.027471
sixpack.trace.txt,LRU aproximado,128,8,100,1000000,24700,0.024700
sixpack.trace.txt,LRU aproximado,128,8,1000,1000000,20650,0.020650
sixpack.trace.txt,LRU aproximado,128,8,10000,1000000,21684,0.021684
sixpack.trace.txt,LRU aproximado,128,16,10,1000000,27321,0.027321
sixpack.trace.txt,LRU aproximado,128,16,100,1000000,23025,0.023025
sixpack.trace.txt,LRU aproximado,128,16,1000,1000000,20482,0.020482
sixpack.trace.txt,LRU aproximado,128,16,10000,1000000,21691,0.021691
sixpack.trace.txt,LRU aproximado,128,32,10,1000000,26842,0.026842
sixpack.trace.txt,LRU aproximado,128,32,100,1000000,21404,0.021404
sixpack.trace.txt,LRU aproximado,128,32,1000,1000000,20433,0.020433
sixpack.trace.txt,LRU aproximado,128,32,10000,1000000,21691,0.021691
swim.trace.txt,OPT,8,,,1000000,171244,0.171244
swim.trace.txt,LRU,8,,,1000000,285375,0.285375
swim.trace.txt,LRU aproximado,8,2,10,1000000,286938,0.286938
swim.trace.txt,LRU aproximado,8,2,100,1000000,278409,0.278409
swim.trace.txt,LRU aproximado,8,2,1000,1000000,286195,0.286195
swim.trace.txt,LRU aproximado,8,2,10000,1000000,302124,0.302124
swim.trace.txt,LRU aproximado,8,4,10,1000000,280493,0.280493
swim.trace.txt,LRU aproximado,8,4,100,1000000,278395,0.278395
swim.trace.txt,LRU aproximado,8,4,1000,1000000,286311,0.286311
swim.trace.txt,LRU aproximado,8,4,10000,1000000,302124,0.302124
swim.trace.txt,LRU aproximado,8,8,10,1000000,280656,0.280656
swim.trace.txt,LRU aproximado,8,8,100,1000000,278376,0.278376
swim.trace.txt,LRU aproximado,8,8,1000,1000000,286297,0.286297
swim.trace.txt,LRU aproximado,8,8,10000,1000000,302124,0.302124
swim.trace.txt,LRU aproximado,8,16,10,1000000,280646,0.280646
swim.trace.txt,LRU aproximado,8,16,100,1000000,278376,0.278376
swim.trace.txt,LRU aproximado,8,16,1000,1000000,286297,0.286297
swim.trace.txt,LRU aproximado,8,16,10000,1000000,302124,0.302124
swim.trace.txt,LRU aproximado,8,32,10,1000000,280646,0.280646
swim.trace.txt,LRU aproximado,8,32,100,1000000,278376,0.278376
swim.trace.txt,LRU aproximado,8,32,1000,1000000,286297,0.286297
swim.trace.txt,LRU aproximado,8,32,10000,1000000,302124,0.302124
swim.trace.txt,OPT,32,,,1000000,28826,0.028826
swim.trace.txt,LRU,32,,,1000000,48254,0.048254
swim.trace.txt,LRU aproximado,32,2,10,1000000,78633,0.078633
swim.trace.txt,LRU aproximado,32,2,100,1000000,50685,0.050685
swim.trace.txt,LRU aproximado,32,2,1000,1000000,55214,0.055214
swim.trace.txt,LRU aproximado,32,2,10000,1000000,68960,0.068960
swim.trace.txt,LRU aproximado,32,4,10,1000000,74386,0.074386
swim.trace.txt,LRU aproximado,32,4,100,1000000,47806,0.047806
swim.trace.txt,LRU aproximado,32,4,1000,1000000,55031,0.055031
swim.trace.txt,LRU aproximado,32,4,10000,1000000,68755,0.068755
swim.trace.txt,LRU aproximado,32,8,10,1000000,60669,0.060669
swim.trace.txt,LRU aproximado,32,8,100,1000000,47214,0.047214
swim.trace.txt,LRU aproximado,32,8,1000,1000000,55019,0.055019
swim.trace.txt,LRU aproximado,32,8,10000,1000000,68418,0.068418
swim.trace.txt,LRU aproximado,32,16,10,1000000,52390,0.052390
swim.trace.txt,LRU aproximado,32,16,100,1000000,47196,0.047196
swim.trace.txt,LRU aproximado,32,16,1000,1000000,54909,0.054909
swim.trace.txt,LRU aproximado,32,16,10000,1000000,68438,0.068438
swim.trace.txt,LRU aproximado,32,32,10,1000000,48363,0.048363
swim.trace.txt,LRU aproximado,32,32,100,1000000,47195,0.047195
swim.trace.txt,LRU aproximado,32,32,1000,1000000,54878,0.054878
swim.trace.txt,LRU aproximado,32,32,10000,1000000,68438,0.068438
swim.trace.txt,OPT,128,,,1000000,6518,0.006518
swim.trace.txt,LRU,128,,,1000000,13250,0.013250
swim.trace.txt,LRU aproximado,128,2,10,1000000,17496,0.017496
swim.trace.txt,LRU aproximado,128,2,100,1000000,17021,0.017021
swim.trace.txt,LRU aproximado,128,2,1000,1000000,14398,0.014398
swim.trace.txt,LRU aproximado,128,2,10000,1000000,13211,0.013211
swim.trace.txt,LRU aproximado,128,4,10,1000000,17453,0.017453
swim.trace.txt,LRU aproximado,128,4,100,1000000,16731,0.016731
swim.trace.txt,LRU aproximado,128,4,1000,1000000,13654,0.013654
swim.trace.txt,LRU aproximado,128,4,10000,1000000,13157,0.013157
swim.trace.txt,LRU aproximado,128,8,10,1000000,17295,0.017295
swim.trace.txt,LRU aproximado,128,8,100,1000000,16499,0.016499
swim.trace.txt,LRU aproximado,128,8,1000,1000000,13195,0.013195
swim.trace.txt,LRU aproximado,128,8,10000,1000000,13105,0.013105
swim.trace.txt,LRU aproximado,128,16,10,1000000,17151,0.017151
swim.trace.txt,LRU aproximado,128,16,100,1000000,14890,0.014890
swim.trace.txt,LRU aproximado,128,16,1000,1000000,13027,0.013027
swim.trace.txt,LRU aproximado,128,16,10000,1000000,13096,0.013096
swim.trace.txt,LRU aproximado,128,32,10,1000000,16888,0.016888
swim.trace.txt,LRU aproximado,128,32,100,1000000,14068,0.014068
swim.trace.txt,LRU aproximado,128,32,1000,1000000,12983,0.012983
swim.trace.txt,LRU aproximado,128,32,10000,1000000,13096,0.013096
